County,TotalPop,White,White_Percent,Black,Black_Percent,NativeAm,Native_Percent,Asian,Asian_Percent,Hawaiian,Hawaiian_Percent,Other,Other_Percent,Mix,Mix_Percent,Hispanic,Hispanic_Percent,Abbott-R,Abbott_Percent,Davis-D,Davis_Percent,Glass-L,Glass_Percent,Parmer-G,Pavitt-I,Total,Total,TurnOut%
Anderson,58458,35792,61.2268637312258,12222,20.907318074515,192,0.536432722396066,283,0.484108248657156,16,0.0273700776625954,37,0.0632933045947518,629,1.07598617811078,9287,15.8866194532827,7732,13.2265900304492,2286,3.91049984604331,141,0.241198809401622,54,0,10213,26938,37.91%
Andrews,14786,7083,47.9034221560936,199,1.3458677127012,95,1.34123958774531,85,0.574868118490464,1,0.00676315433518193,17,0.114973623698093,111,0.750710131205194,7195,48.660895441634,1988,13.4451508183417,203,1.37292033004193,25,0.169078858379548,5,0,2221,8521,26.07%
Angelina,86771,54889,63.2573094697537,12840,14.7975706169112,255,0.464573958352311,744,0.857429325465881,9,0.0103721289370873,94,0.108331124454023,795,0.916204722776043,17145,19.7589056251513,12940,14.9128164939899,3686,4.24796302912263,131,0.150972098973159,42,3,16802,49862,33.7%
Aransas,23158,16350,70.60195180931,258,1.11408584506434,118,0.7217125382263,443,1.91294585024614,5,0.0215908109508593,21,0.0906814059936091,273,1.17885827791692,5690,24.5703428620779,4460,19.2590033681665,1480,6.39088004145436,90,0.388634597115468,35,5,6070,15804,38.41%
Archer,9054,8182,90.3688977247625,34,0.375524629997791,47,0.574431679296016,18,0.198807157057654,3,0.0331345261762757,4,0.0441793682350342,91,1.00508062734703,675,7.45526838966203,2297,25.3700022089684,302,3.33554230174508,26,0.287165893527723,11,0,2636,6290,41.91%
Armstrong,1901,1725,90.7417148869016,11,0.578642819568648,13,0.753623188405797,0,0,0,0,11,0.578642819568648,17,0.894266175697002,124,6.52288269331931,502,26.4071541294056,59,3.10362966859548,9,0.47343503419253,1,0,571,1329,42.96%
Atascosa,44911,16295,36.282870566231,256,0.570016254369753,143,0.877569806689169,130,0.28946137917214,14,0.0311727639108459,43,0.0957449177261695,245,0.545523368439803,27785,61.8668032330609,4760,10.5987397296876,2589,5.76473469751286,77,0.171450201509652,37,2,7465,24575,30.38%
Austin,28417,18657,65.6543618256677,2622,9.22687123904705,79,0.42343356380983,110,0.387092233522187,1,0.00351902030474716,36,0.126684730970898,271,0.95365450258648,6641,23.3698138438259,5813,20.4560650314952,1252,4.40581342154344,81,0.28504064468452,29,7,7182,18562,38.69%
Bailey,7165,2745,38.31123517097,67,0.935101186322401,16,0.58287795992714,23,0.321004884856944,0,0,2,0.0279134682484299,29,0.404745289602233,4283,59.7766922540126,868,12.1144452198186,130,1.81437543614794,4,0.0558269364968597,2,0,1004,3527,28.47%
Bandera,20485,16576,80.9177446912375,90,0.439345862826458,121,0.729971042471042,55,0.268489138393947,0,0,18,0.0878691725652917,210,1.02514034659507,3415,16.6707346839151,4911,23.9736392482304,1257,6.1361972174762,146,0.712716621918477,32,0,6346,14845,42.75%
Bastrop,74171,42446,57.2272181850049,5535,7.46248533793531,315,0.74211939876549,449,0.605357889201979,54,0.0728047350042469,115,0.155047120842378,1067,1.43856763425058,24190,32.6138248102358,9803,13.2167558749376,6566,8.85251648218306,489,0.659287322538458,98,5,16961,42505,39.9%
Baylor,3726,3147,84.4605475040258,71,1.90552871712292,10,0.317762948840165,4,0.107353730542136,3,0.0805152979066023,1,0.0268384326355341,35,0.939345142243693,455,12.211486849168,700,18.7869028448739,134,3.59634997316157,6,0.161030595813205,4,0,844,2511,33.61%
Bee,31861,10967,34.4213929255202,2525,7.92504943347666,70,0.638278471778973,162,0.508458617118107,10,0.0313863343900066,38,0.119268070682025,183,0.574369919337121,17906,56.2003703587458,2972,9.32801858070996,2128,6.6790119581934,97,0.304447443583064,29,0,5226,15113,34.58%
Bell,310235,157289,50.6999532612375,63380,20.4296742791755,1484,0.943486194203028,8350,2.69150805034893,2245,0.723644978806389,500,0.161168146727481,9977,3.21594919980015,67010,21.599755024417,28778,9.27619385304688,14412,4.64551066127291,602,0.194046448659887,157,34,43983,168877,26.04%
Bexar,1714773,519123,30.273569737802,118460,6.90820300996108,3809,0.733737476474747,39561,2.30706921557547,1806,0.105320062772157,2881,0.168010576327012,22175,1.29317408193388,1006958,58.7225247889954,149697,8.72984354197319,145711,8.49739294938747,4079,0.237874050967679,1298,165,300950,957110,31.44%
Blanco,10497,8336,79.4131656663809,62,0.590644946175098,47,0.563819577735125,49,0.466800038106126,4,0.0381061255596837,5,0.0476326569496046,85,0.809755168143279,1909,18.1861484233591,2622,24.9785653043727,874,8.32618843479089,84,0.800228636753358,27,1,3608,7390,48.82%
Borden,641,539,84.0873634945398,0,0,2,0.371057513914657,1,0.15600624024961,0,0,0,0,4,0.62402496099844,95,14.8205928237129,240,37.4414976599064,18,2.80811232449298,2,0.31201248049922,0,0,260,439,59.23%
Bosque,18212,14701,80.7215023061718,277,1.52097518119921,74,0.503367117883137,38,0.208653634965957,2,0.0109817702613661,9,0.0494179661761476,185,1.01581374917637,2926,16.0663298923787,3881,21.310125192181,933,5.1229958269273,66,0.362398418625082,25,3,4908,11824,41.51%
Bowie,92565,61343,66.2701885161778,22230,24.0155566358775,572,0.932461731574915,721,0.778912115810512,45,0.0486144871171609,88,0.095068330362448,1504,1.62480419164911,6062,6.54891157564954,15583,16.8346567277049,5564,6.01091125155296,304,0.32841786852482,72,9,21532,57235,37.62%
Brazoria,313166,166674,53.2222527349712,36880,11.77650191911,1013,0.607773257976649,17013,5.43258208106883,58,0.0185205290484919,472,0.150718788118761,4413,1.40915680501715,86643,27.6667965232496,41373,13.2112042814354,19703,6.29155144555922,932,0.297605742641283,266,6,62280,183488,33.94%
Brazos,194851,115252,59.1487854822403,20827,10.6886800683599,484,0.41994932842814,9982,5.12288877142021,82,0.0420834381142514,246,0.126250314342754,2573,1.32049617399962,45405,23.3024208241169,21859,11.2183155334076,9125,4.68306552186029,503,0.258145967944737,116,5,31608,92928,34.01%
Brewster,9232,5011,54.278596187175,79,0.855719237435009,38,0.758331670325284,58,0.628249566724437,5,0.054159445407279,11,0.119150779896014,112,1.21317157712305,3918,42.4393414211439,1499,16.2370017331023,1311,14.2006065857886,75,0.812391681109186,22,1,2908,7032,41.35%
Briscoe,1637,1163,71.0445937690898,40,2.44349419670128,2,0.171969045571797,0,0,0,0,0,0,21,1.28283445326817,411,25.1069028711057,431,26.3286499694563,75,4.58155161881491,1,0.0610873549175321,3,0,510,1132,45.05%
Brooks,7223,573,7.9329918316489,19,0.263048594766717,10,1.74520069808028,18,0.249203931884259,0,0,4,0.0553786515298353,9,0.124601965942129,6590,91.2363283954036,588,8.14066177488578,1478,20.4624117402741,47,0.650699155475564,29,4,2146,6433,33.36%
Brown,38106,28478,74.7336377473364,1303,3.41940901695271,170,0.596952033148395,160,0.419881383509159,14,0.0367396210570514,36,0.0944733112895607,492,1.29113525429066,7453,19.558599695586,7176,18.8316800503858,901,2.36445704088595,104,0.272922899280953,18,2,8201,22744,36.06%
Burleson,17187,11696,68.0514342235411,2064,12.0090766276837,48,0.410396716826265,25,0.145458776982603,3,0.0174550532379124,7,0.0407284575551289,178,1.03566649211613,3166,18.4208995170769,3199,18.6129051026939,959,5.57979868505266,42,0.244370745330773,8,0,4208,11050,38.08%
Burnet,42750,32530,76.093567251462,700,1.6374269005848,169,0.519520442668306,198,0.463157894736842,13,0.0304093567251462,44,0.102923976608187,444,1.03859649122807,8652,20.2385964912281,8995,21.0409356725146,2571,6.0140350877193,253,0.591812865497076,59,5,11883,27384,43.39%
Caldwell,38066,16841,44.241580412967,2456,6.45195187306258,90,0.534410070660887,344,0.903693584826354,8,0.0210161298796827,54,0.141858876687858,351,0.922082698471077,17922,47.0813849629591,5037,13.2322807754952,3578,9.39946408868807,212,0.55692744181159,75,4,8906,21175,42.06%
Calhoun,21381,9794,45.807024928675,519,2.42738880314298,36,0.367571982846641,943,4.4104578831673,4,0.018708198868154,15,0.0701557457555774,148,0.692203358121697,9922,46.4056872924559,2737,12.8010850755344,1326,6.20176792479304,65,0.304008231607502,27,0,4155,12700,32.72%
Callahan,13544,12065,89.0800354400473,135,0.996751329001772,61,0.505594695399917,56,0.413467217956291,7,0.0516834022445363,10,0.073833431777909,185,1.36591848789132,1025,7.56792675723568,2636,19.4624926166568,285,2.10425280567041,40,0.295333727111636,8,0,2969,8838,33.59%
Cameron,406220,43427,10.6905125301561,1192,0.293437053813205,385,0.886545236834228,2486,0.611983654177539,76,0.0187090739008419,191,0.0470188567771158,716,0.176259169907932,357747,88.067303431638,16556,4.0756240460834,21859,5.38107429471715,725,0.178474718133031,244,23,39407,186563,21.12%
Camp,12401,7298,58.8500927344569,2133,17.2002257882429,38,0.520690600164429,59,0.475768083219095,17,0.137085718893638,4,0.0322554632690912,204,1.64502862672365,2648,21.3531166841384,1862,15.014918151762,718,5.78985565680187,22,0.177405047980002,9,2,2613,7218,36.2%
Carson,6182,5473,88.5312196700097,35,0.566159818828858,56,1.02320482367988,19,0.307343901649951,0,0,0,0,74,1.19702361695244,525,8.49239728243287,1634,26.4315755418958,193,3.12196700097056,19,0.307343901649951,11,0,1857,4248,43.71%
Cass,30464,23522,77.2124474789916,5299,17.3943014705882,133,0.565428109854604,89,0.292148109243697,4,0.0131302521008403,15,0.0492384453781513,349,1.14561449579832,1053,3.45653886554622,5185,17.0200892857143,1687,5.53768382352941,57,0.187106092436975,18,0,6947,19251,36.09%
Castro,8062,3004,37.2612255023567,149,1.84817663110891,29,0.965379494007989,30,0.37211610022327,0,0,5,0.0620193500372116,17,0.210865790126519,4828,59.8858843959315,917,11.3743487968246,217,2.69163979161498,13,0.16125031009675,4,1,1152,3963,29.07%
Chambers,35096,24767,70.5692956462275,2817,8.02655573284705,134,0.541042516251464,326,0.928880784134944,13,0.0370412582630499,25,0.0712331889674037,379,1.07989514474584,6635,18.9052883519489,6778,19.3127421928425,1490,4.24549806245726,114,0.324823341691361,32,1,8415,25104,33.52%
Cherokee,50845,31892,62.7239649916413,7401,14.5560035401711,125,0.391947823905682,221,0.434654341626512,6,0.0118005703609008,36,0.0708034221654047,665,1.30789654833317,10499,20.6490313698495,7709,15.1617661520307,1862,3.66211033533287,94,0.184875602320779,23,0,9688,26944,35.96%
Childress,7041,4327,61.4543388723193,684,9.71452918619514,28,0.647099607118096,47,0.667518818349666,2,0.0284050560999858,9,0.127822752449936,59,0.837949154949581,1885,26.7717653742366,944,13.4071864791933,134,1.90313875869905,11,0.156227808549922,6,0,1095,3569,30.68%
Clay,10752,9941,92.4572172619048,53,0.492931547619048,115,1.15682526908762,28,0.260416666666667,1,0.00930059523809524,5,0.0465029761904762,142,1.32068452380952,467,4.34337797619048,2436,22.65625,363,3.37611607142857,31,0.288318452380952,12,0,2842,7610,37.35%
Cochran,3127,1329,42.5007994883275,110,3.51774864086984,12,0.90293453724605,3,0.0959385992964503,3,0.0959385992964503,0,0,16,0.511672529581068,1654,52.8941477454429,423,13.5273425007995,65,2.07866965142309,6,0.191877198592901,0,1,495,1772,27.93%
Coke,3320,2651,79.8493975903614,7,0.210843373493976,19,0.716710675216899,5,0.150602409638554,1,0.0301204819277108,0,0,35,1.05421686746988,602,18.1325301204819,696,20.9638554216867,67,2.01807228915663,5,0.150602409638554,2,0,770,2135,36.07%
Coleman,8895,7123,80.0786958965711,186,2.09106239460371,40,0.561561139969114,32,0.359752670039348,1,0.0112422709387296,4,0.0449690837549185,90,1.01180438448567,1419,15.9527824620573,1974,22.1922428330523,234,2.63069139966273,27,0.3035413153457,5,0,2240,5902,37.95%
Collin,782341,493492,63.0788875950513,64715,8.27196836162236,3278,0.664245823640505,87276,11.1557492193302,387,0.049466920434951,1364,0.174348525770732,16475,2.1058592097308,115354,14.7447212916107,116365,14.8739488279408,57757,7.3825863657919,2481,0.31712514108298,522,6,177131,485406,36.49%
Collingsworth,3057,1937,63.3627739614001,122,3.99084069349035,41,2.11667527103769,3,0.098135426889107,0,0,5,0.163559044815178,33,1.07948969578018,916,29.9640170101407,651,21.2953876349362,132,4.31795878312071,13,0.425253516519463,6,0,802,1890,42.43%
Colorado,20874,12496,59.8639455782313,2636,12.6281498514899,24,0.192061459667093,75,0.35929864903708,15,0.0718597298074159,25,0.119766216345693,151,0.723387946727987,5452,26.1186164606688,3881,18.5925074255054,1192,5.71045319536265,62,0.297020216537319,17,5,5157,13414,38.44%
Comal,108472,77387,71.3428350173317,1606,1.48056641345232,355,0.458733378991303,813,0.749502175676672,45,0.0414853602773066,105,0.096799173980382,1172,1.08046316100007,26989,24.8810753005384,26642,24.5611770779556,7428,6.84785013644074,520,0.479386385426654,106,24,34720,82137,42.27%
Comanche,13974,10145,72.5991126377558,25,0.178903678259625,47,0.463282405125678,34,0.24330900243309,4,0.02862458852154,8,0.05724917704308,106,0.75855159582081,3605,25.7979104050379,2447,17.5110920280521,544,3.89294403892944,53,0.379275797910405,24,1,3069,8593,35.72%
Concho,4087,1810,44.2867629067776,57,1.39466601419134,13,0.718232044198895,14,0.342549547345241,5,0.122339124051872,2,0.0489356496207487,13,0.318081722534867,2173,53.1685833129435,511,12.5030584781013,77,1.88402251039883,7,0.171274773672621,3,0,598,1645,36.35%
Cooke,38437,30255,78.7132190337435,1018,2.64848973645186,303,1.00148735746158,278,0.72326144079923,19,0.0494315373208107,35,0.0910580950646512,532,1.3840830449827,5997,15.6021541743632,7402,19.2574862762442,1273,3.31191300049432,104,0.270572625334964,40,0,8819,23970,36.79%
Coryell,75388,46776,62.0470101342389,11450,15.1880935957977,439,0.938515478022918,1332,1.76685944712686,632,0.838329707645779,191,0.253355971772696,2595,3.44219239136202,11973,15.8818379582957,6465,8.57563537963602,2017,2.67549212076193,156,0.206929484798642,46,1,8685,35232,24.65%
Cottle,1505,1043,69.3023255813954,129,8.57142857142857,4,0.383509108341323,0,0,1,0.0664451827242525,3,0.199335548172757,9,0.598006644518272,316,20.9966777408638,310,20.5980066445183,48,3.18936877076412,4,0.26578073089701,0,0,362,1091,33.18%
Crane,4375,1761,40.2514285714286,122,2.78857142857143,34,1.93072118114708,13,0.297142857142857,0,0,10,0.228571428571429,26,0.594285714285714,2409,55.0628571428571,713,16.2971428571429,127,2.90285714285714,6,0.137142857142857,3,2,851,2519,33.78%
Crockett,3719,1312,35.2783006184458,13,0.349556332347405,8,0.609756097560976,11,0.295778435063189,0,0,4,0.107555794568432,19,0.510890024200054,2352,63.2428072062382,624,16.7787039526754,203,5.45845657434794,4,0.107555794568432,4,0,835,2543,32.84%
Crosby,6059,2625,43.3239808549266,199,3.28437035814491,13,0.495238095238095,4,0.0660174946360786,2,0.0330087473180393,8,0.132034989272157,37,0.610661825383727,3171,52.3353688727513,813,13.418055784783,239,3.94454530450569,13,0.214556857567255,7,0,1072,3600,29.78%
Culberson,2398,504,21.0175145954962,8,0.333611342785655,13,2.57936507936508,22,0.917431192660551,0,0,0,0,24,1.00083402835696,1827,76.1884904086739,172,7.17264386989158,146,6.0884070058382,8,0.333611342785655,1,1,328,1759,18.65%
Dallam,6703,3726,55.5870505743697,81,1.20841414292108,34,0.912506709608159,37,0.551991645531851,5,0.0745934656124124,17,0.253617783082202,86,1.28300760853349,2717,40.5340892137849,727,10.8458899000448,100,1.49186931224825,10,0.149186931224825,7,0,844,3088,27.33%
Dallas,2368139,784693,33.1354282835594,518732,21.9046263753944,7330,0.934123281334229,117797,4.97424348824119,874,0.0369066173902799,3346,0.141292381908325,29427,1.24262131572513,905940,38.2553557878148,178273,7.52797872084367,223136,9.42241988329232,4599,0.194203127434665,1213,39,407260,1203513,33.84%
Dawson,13833,5402,39.0515434106846,860,6.21701727752476,28,0.518326545723806,46,0.332538133448999,2,0.0144581797151739,13,0.0939781681486301,95,0.686763536470758,7387,53.4012867779946,1687,12.1954745897491,335,2.42174510229162,16,0.115665437721391,6,0,2044,7406,27.6%
Deaf Smith,19372,5939,30.6576502168078,158,0.81561015899236,52,0.875568277487792,56,0.289077018377039,2,0.0103241792277514,29,0.149700598802395,97,0.500722692545943,13039,67.3084864753252,2182,11.2636795374768,503,2.59653107577948,28,0.14453850918852,14,1,2728,8439,32.33%
Delta,5231,4351,83.1772127700249,375,7.16880137640986,59,1.35601011261779,30,0.573504110112789,0,0,11,0.210284840374689,117,2.23666602943988,288,5.50563945708278,984,18.8109348116995,351,6.70999808831963,29,0.554387306442363,14,0,1378,3575,38.55%
Denton,662614,426887,64.4246876763847,54034,8.1546722526237,3143,0.736260415519798,43091,6.50318284853625,411,0.0620270625130166,1176,0.177478894197829,13036,1.96735957888001,120836,18.236258213681,93683,14.1383973172918,47238,7.12903741846686,2457,0.370804118234749,632,0,144010,407040,35.38%
DeWitt,20097,11482,57.1329054087675,1781,8.86201920684679,43,0.374499216164431,44,0.218938149972633,0,0,96,0.477683236303926,149,0.741404189680052,6502,32.3530875255013,3269,16.2661093695576,695,3.45822759615863,42,0.208986415882968,12,0,4018,11932,33.67%
Dickens,2444,1590,65.0572831423895,92,3.76432078559738,21,1.32075471698113,18,0.736497545008183,0,0,0,0,15,0.613747954173486,708,28.9689034369885,452,18.494271685761,60,2.45499181669394,4,0.16366612111293,1,0,517,1314,39.35%
Dimmit,9996,1217,12.1748699479792,81,0.810324129651861,7,0.57518488085456,51,0.510204081632653,0,0,10,0.100040016006403,14,0.140056022408964,8616,86.1944777911164,599,5.99239695878351,1245,12.4549819927971,21,0.210084033613445,12,0,1877,7301,25.71%
Donley,3677,3136,85.2869186837095,163,4.43296165352189,15,0.478316326530612,9,0.244764753875442,2,0.054392167527876,0,0,43,1.16943160184933,309,8.40358988305684,803,21.8384552624422,120,3.26353005167256,17,0.462333423986946,3,0,943,2410,39.13%
Duval,11782,1206,10.2359531488712,86,0.72992700729927,18,1.49253731343284,17,0.144287896791716,5,0.0424376167034459,6,0.0509251400441351,20,0.169750466813784,10424,88.4739433033441,750,6.36564250551689,2251,19.1054150398914,54,0.458326260397216,28,1,3084,8381,36.8%
Eastland,18583,15271,82.1772587849109,318,1.71124145724587,92,0.602449086503831,62,0.333638271538503,8,0.0430500995533552,8,0.0430500995533552,151,0.81257062906958,2673,14.3841145132648,3503,18.8505623419254,372,2.00182962923102,41,0.220631760210945,15,0,3931,10858,36.2%
Ector,137130,56306,41.0603077371837,5596,4.08079924159557,623,1.10645401910986,1004,0.732151972580763,106,0.0772989134398017,68,0.0495879822066652,1096,0.799241595566251,72331,52.7462991322103,12139,8.85218405892219,2478,1.80704441041348,170,0.123969955516663,40,0,14827,68480,21.65%
Edwards,2002,947,47.3026973026973,10,0.4995004995005,11,1.16156282998944,3,0.14985014985015,0,0,0,0,4,0.1998001998002,1027,51.2987012987013,540,26.973026973027,222,11.0889110889111,18,0.899100899100899,6,0,786,1504,52.26%
Ellis,149610,97987,65.494953545886,13161,8.79687186685382,565,0.576607100941962,811,0.542076064434196,87,0.0581511931020654,155,0.103602700354254,1683,1.12492480449168,35161,23.5017712719738,23604,15.7770202526569,7963,5.32250518013502,434,0.290087560991912,135,39,32175,93126,34.55%
El Paso,800647,105246,13.1451188851017,20649,2.57903920204535,2269,2.15590141193014,7551,0.943112257961374,805,0.100543685294518,602,0.0751891907419874,5391,0.673330444003412,658134,82.2002705312079,29953,3.74109938587168,48506,6.05835030918745,1382,0.172610401337918,519,48,80408,403979,19.9%
Erath,37890,29382,77.5455265241489,431,1.13750329902349,170,0.578585528554898,240,0.63341250989707,12,0.0316706254948535,18,0.0475059382422803,358,0.94484032726313,7279,19.2108735814199,5953,15.7112694642386,1301,3.43362364740037,97,0.256004222750066,40,2,7393,20456,36.14%
Falls,17866,9381,52.507556252099,4463,24.9804097167805,60,0.639590661976335,46,0.257472293742304,10,0.055972237770066,24,0.134333370648159,166,0.929139146983096,3716,20.7992835553565,2147,12.0172394492332,877,4.90876525243479,31,0.173513937087205,9,0,3064,9854,31.09%
Fannin,33915,27433,80.8875128998968,2273,6.70204924074893,294,1.07170196478694,122,0.359722836503022,6,0.0176912870411322,23,0.0678166003243403,538,1.58631873802152,3226,9.51201533244877,4897,14.4390387734041,1449,4.27244582043344,99,0.291906236178682,39,6,6490,19872,32.66%
Fayette,24554,18038,73.4625722896473,1599,6.51217724199723,69,0.382525778911187,61,0.24843202736825,6,0.0244359371181885,25,0.101816404659119,171,0.696424207868372,4585,18.6731286144824,5885,23.9675816567565,1547,6.30039912030626,79,0.321739838722815,25,4,7540,15850,47.57%
Fisher,3974,2797,70.3824861600403,124,3.1202818319074,12,0.429031104755095,7,0.176144942123805,0,0,7,0.176144942123805,28,0.704579768495219,999,25.138399597383,891,22.4207347760443,334,8.40463009562154,14,0.352289884247609,6,0,1245,2764,45.04%
Floyd,6446,2777,43.0809804529941,211,3.27334781259696,16,0.576161325171048,11,0.170648464163823,1,0.0155134967421657,1,0.0155134967421657,19,0.294756438101148,3410,52.901023890785,955,14.8153893887682,133,2.06329506670804,2,0.0310269934843314,5,0,1095,4079,26.84%
Foard,1336,1087,81.3622754491018,53,3.96706586826347,1,0.0919963201471941,4,0.29940119760479,0,0,0,0,4,0.29940119760479,187,13.997005988024,205,15.3443113772455,102,7.63473053892216,3,0.224550898203593,0,0,310,1069,29%
Fort Bend,585375,211680,36.1614349775785,123267,21.0577834721332,1159,0.547524565381708,98762,16.8715780482597,174,0.029724535554132,1341,0.229083920563741,10025,1.71257740764467,138967,23.7398248985693,73749,12.5985906470211,56825,9.70745248772155,1462,0.24975443092035,416,16,132468,363147,36.48%
Franklin,10605,8601,81.1032531824611,411,3.87553041018388,65,0.755726078362981,49,0.462046204620462,0,0,9,0.0848656294200849,137,1.29184347006129,1333,12.5695426685526,2197,20.7166430928807,353,3.32861857614333,34,0.320603488920321,8,2,2594,6657,38.97%
Freestone,19816,13656,68.9140088817118,3164,15.9668954380299,77,0.563854715875805,50,0.252321356479612,5,0.0252321356479612,8,0.040371417036738,162,0.817521194993944,2694,13.5950746871215,3473,17.5262414210739,902,4.55187727089221,56,0.282599919257166,16,3,4450,11419,38.97%
Frio,17217,2796,16.2397630249172,524,3.04350351396875,38,1.35908440629471,362,2.10257303827612,1,0.00580821281291747,29,0.168438171574606,66,0.383342045652553,13401,77.835859905907,863,5.01248765754777,953,5.53522681071034,19,0.110356043445432,8,0,1843,9966,18.49%
Gaines,17526,10628,60.6413328768686,261,1.4892160219103,46,0.432818968761761,37,0.211114914983453,0,0,17,0.0969987447221271,124,0.707520255620221,6413,36.5913499942942,2235,12.7524820267032,235,1.34086500057058,31,0.176880063905055,11,0,2512,8078,31.1%
Galveston,291309,172652,59.2676505017009,39229,13.4664565804695,1052,0.609318166021824,8515,2.92301302053833,128,0.0439395967855439,426,0.146236470551888,4037,1.38581368924407,65270,22.4057615796285,40422,13.8759873536348,23201,7.96439519547971,991,0.340188596988078,240,0,64854,191961,33.78%
Garza,6461,2962,45.8442965485219,392,6.06717226435536,25,0.844024307900068,8,0.123819842129701,3,0.046432440798638,1,0.0154774802662127,24,0.371459526389104,3046,47.1444048908838,752,11.6390651601919,80,1.23819842129701,7,0.108342361863489,1,0,840,2727,30.8%
Gillespie,24837,19472,78.3991625397592,47,0.189233804404719,68,0.349219391947412,88,0.354310101864154,11,0.0442887627330193,28,0.112735032411322,154,0.62004267826227,4969,20.0064420018521,7168,28.8601682972984,1502,6.04742923863591,155,0.624068929419817,22,1,8848,18149,48.75%
Glasscock,1226,825,67.2920065252855,15,1.22349102773246,3,0.363636363636364,1,0.0815660685154976,2,0.163132137030995,0,0,2,0.163132137030995,378,30.8319738988581,377,30.7504078303426,15,1.22349102773246,8,0.65252854812398,0,0,400,756,52.91%
Goliad,7210,4337,60.1525658807212,310,4.2995839112344,29,0.668664975789716,11,0.152565880721221,0,0,6,0.0832177531206657,55,0.762829403606103,2462,34.1470180305132,1873,25.9778085991678,873,12.1081830790569,28,0.388349514563107,11,3,2788,5522,50.49%
Gonzales,19807,8836,44.6104912404705,1353,6.83091836219518,41,0.464010864644636,73,0.368556570909275,5,0.0252436007472106,17,0.085828242540516,129,0.651284899278033,9353,47.2206795577321,2789,14.0808804967941,840,4.24092492553138,69,0.348361690311506,11,3,3712,12104,30.67%
Gray,22535,15564,69.065897492789,1055,4.68160639005991,152,0.976612695965048,83,0.368315952962059,1,0.00443754160195252,11,0.0488129576214777,304,1.34901264699357,5365,23.8074106944753,3358,14.9012646993566,302,1.34013756378966,51,0.226314621699578,14,0,3725,12997,28.66%
Grayson,120877,95103,78.6774986142939,6938,5.73971888779503,1603,1.68554093982314,1034,0.855415008645152,38,0.0314369152113305,77,0.0637011176650645,2396,1.98218023279863,13688,11.3239077740182,18103,14.9763809492294,5067,4.19186445725821,276,0.228331278903348,62,1,23509,74580,31.52%
Gregg,121730,74005,60.794381007147,24068,19.7716257290725,497,0.671576244848321,1316,1.08108108108108,35,0.0287521564117309,119,0.097757331799885,1672,1.37353158629754,20018,16.4445904871437,17210,14.1378460527397,5808,4.77121498398094,174,0.142939291875462,47,1,23240,67904,34.22%
Grimes,26604,16133,60.6412569538415,4348,16.3434070064652,82,0.508274964358768,61,0.229288828747557,7,0.0263118328070967,16,0.0601413321305067,305,1.14644414373778,5652,21.2449255751015,3716,13.9678243873102,1125,4.22868741542625,80,0.300706660652533,32,2,4955,15275,32.44%
Guadalupe,131533,72086,54.8044977306075,7963,6.05399405472391,436,0.604833116000333,1748,1.32894406726829,146,0.11099876076726,177,0.134566990793185,2088,1.58743433206876,46889,35.6480883124387,21235,16.1442375677587,8788,6.6812130796074,449,0.34135920263356,104,3,30579,84076,36.37%
Hale,36273,13647,37.6230253907865,1803,4.97063931850136,103,0.754744632519968,133,0.366663909795164,19,0.0523805585421664,32,0.088219888071017,267,0.736084691092548,20269,55.8790284784826,3703,10.208695172718,567,1.56314614175833,38,0.104761117084333,12,0,4320,19341,22.34%
Hall,3353,1998,59.5884282731882,235,7.00864897107068,13,0.650650650650651,2,0.0596480763495377,0,0,2,0.0596480763495377,16,0.477184610796302,1087,32.4187294959737,485,14.4646585147629,74,2.2069788249329,6,0.178944229048613,5,0,570,2034,28.02%
Hamilton,8517,7495,88.0004696489374,38,0.446166490548315,31,0.413609072715143,31,0.363977926499941,1,0.011741223435482,3,0.0352236703064459,55,0.645767288951509,863,10.1326758248209,1891,22.2026535164964,491,5.76494070682165,38,0.446166490548315,10,0,2430,5378,45.18%
Hansford,5613,3088,55.0151434170675,31,0.552289328344914,11,0.356217616580311,16,0.285052556565117,0,0,6,0.106894708711919,31,0.552289328344914,2430,43.2923570283271,1105,19.6864421877784,55,0.979868163192589,10,0.178157847853198,6,0,1176,3072,38.28%
Hardeman,4139,2938,70.9833293065958,217,5.24281227349601,15,0.510551395507148,12,0.289925102681807,0,0,1,0.0241604252234839,67,1.61874848997342,889,21.4786180236772,523,12.6359023918821,130,3.14085527905291,11,0.265764677458323,2,0,666,2565,25.96%
Hardin,54635,48088,88.0168390226046,3181,5.82227509838016,182,0.378472799866911,269,0.49235837832891,6,0.0109819712638419,19,0.0347762423354992,506,0.926146243250663,2384,4.36350324883317,9923,18.1623501418505,1494,2.73451084469662,122,0.223300082364784,37,0,11576,35997,32.16%
Harris,4092459,1349646,32.978852078909,754258,18.4304351002661,8150,0.603862049752306,249853,6.10520471921649,2260,0.0552235220927076,7914,0.193380068071543,48838,1.19336565131135,1671540,40.8443920879843,349639,8.5434942659169,320160,7.8231693952218,7818,0.191034290141942,2431,28,680076,2062792,32.97%
Harrison,65631,42654,64.9906294281666,14303,21.7930551111517,277,0.649411544052141,331,0.504334841766848,26,0.0396154256372751,52,0.0792308512745501,734,1.11837393914461,7254,11.0527037527997,10384,15.8217915314409,4086,6.22571650591946,158,0.240739894257287,30,2,14660,42742,34.3%
Hartley,6062,4111,67.8159023424612,416,6.86242164302211,18,0.437849671612746,29,0.478389970306829,3,0.0494886176179479,8,0.131969646981194,29,0.478389970306829,1448,23.8865061035962,1006,16.5951831078852,87,1.43516991092049,12,0.197954470471791,3,0,1108,2855,38.81%
Haskell,5899,4148,70.3170028818444,203,3.44126123071707,25,0.602700096432015,31,0.525512798779454,0,0,3,0.0508560773012375,75,1.27140193253094,1414,23.9701644346499,821,13.917613154772,230,3.89896592642821,8,0.135616206136633,5,1,1065,3502,30.41%
Hays,157107,92062,58.5982801530167,4970,3.1634491142979,502,0.545284699441681,1699,1.08142858052156,104,0.0661969231160928,226,0.143851006002279,2143,1.36403852151718,55401,35.2632282457179,21002,13.3679594161941,17300,11.0116035568116,850,0.541032544698836,173,6,39331,106581,36.9%
Hemphill,3807,2656,69.76622012083,4,0.105069608615708,12,0.451807228915663,18,0.472813238770686,3,0.0788022064617809,0,0,28,0.735487260309955,1086,28.5263987391647,715,18.7811925400578,100,2.6267402153927,10,0.26267402153927,5,0,830,2281,36.39%
Henderson,78532,63494,80.851118015586,4813,6.12871186268018,349,0.54965823542382,318,0.404930474201599,27,0.0343808893190037,76,0.0967758366016401,965,1.22879845158661,8490,10.8108796414201,13118,16.7040187439515,3689,4.69744817399277,255,0.324708399123924,60,3,17125,49175,34.82%
Hidalgo,774769,60553,7.81561988153889,2777,0.358429415735529,524,0.865357620596833,7122,0.919241735278515,49,0.00632446574398304,348,0.0449166138552265,1190,0.15359416806816,702206,90.6342406575379,27909,3.60223498875149,50303,6.49264490448121,1350,0.174245484783206,572,85,80219,318772,25.17%
Hill,35089,25836,73.6299125081935,2161,6.15862521017983,118,0.456727047530577,105,0.299239077773661,20,0.0569979195759355,19,0.0541480235971387,403,1.1485080794551,6427,18.3162814557269,6855,19.5360369346519,1887,5.37775371198951,123,0.350537205392003,40,14,8919,22021,40.5%
Hockley,22935,11795,51.4279485502507,801,3.49247874427731,83,0.703688003391267,60,0.26160889470242,3,0.013080444735121,39,0.170045781556573,161,0.701983867451493,9993,43.570961412688,3222,14.0483976455199,425,1.85306300414214,40,0.174405929801613,10,0,3697,13517,27.35%
Hood,51182,44588,87.1165644171779,225,0.439607674573092,288,0.645913698753028,296,0.57832831854949,32,0.0625219803837287,34,0.0664296041577117,485,0.947598765190887,5234,10.2262514165136,10784,21.0699073893166,2577,5.03497323277715,209,0.408346684381228,61,8,13639,35899,37.99%
Hopkins,35161,26501,75.3704388384858,2448,6.96225932140724,162,0.61129768687974,172,0.489178351013907,14,0.0398168425243878,18,0.0511930832456415,478,1.35946076618981,5368,15.2669150479224,5745,16.3391257359006,1759,5.0027018571713,103,0.292938198572282,30,0,7637,21475,35.56%
Houston,23732,14811,62.4094050227541,6129,25.825889094893,75,0.506380392951185,95,0.400303387830777,1,0.00421371987190292,25,0.105342996797573,232,0.977583010281476,2364,9.96123377717849,3696,15.5739086465532,901,3.79656160458453,41,0.17276251474802,10,2,4650,12915,36%
Howard,35012,18801,53.6987318633611,2079,5.93796412658517,220,1.1701505239083,256,0.731177881869074,13,0.0371301268136639,76,0.217068433679881,312,0.891123043527933,13255,37.8584485319319,3492,9.97372329487033,664,1.89649263109791,111,0.317034159716669,9,3,4279,16785,25.49%
Hudspeth,3476,628,18.0667433831991,30,0.863060989643268,11,1.7515923566879,13,0.373993095512083,0,0,1,0.0287686996547756,25,0.71921749136939,2768,79.6317606444189,267,7.68124280782509,151,4.34407364787112,13,0.373993095512083,6,0,437,1739,25.13%
Hunt,86129,64393,74.7634362409874,6976,8.09947868894333,600,0.931778298883419,897,1.04146106421763,130,0.150936386118497,58,0.0673408491913293,1324,1.53722904016069,11751,13.6434882559881,12294,14.2739379303138,3688,4.28194916926935,250,0.290262280997109,84,8,16324,49123,33.23%
Hutchinson,22150,16482,74.410835214447,512,2.31151241534989,300,1.8201674554059,91,0.410835214446953,3,0.0135440180586907,23,0.103837471783296,353,1.59367945823928,4386,19.8013544018059,3956,17.8600451467269,462,2.08577878103837,61,0.275395033860045,11,4,4494,13432,33.46%
Irion,1599,1153,72.1075672295185,11,0.687929956222639,7,0.607111882046834,3,0.187617260787992,0,0,0,0,18,1.12570356472795,407,25.4534083802376,383,23.9524702939337,43,2.68918073796123,8,0.500312695434647,1,0,435,1313,33.13%
Jack,9044,7289,80.5948695267581,340,3.7593984962406,38,0.521333516257374,30,0.33171163202123,3,0.033171163202123,6,0.0663423264042459,55,0.608137992038921,1283,14.1862007961079,1473,16.2870411322424,225,2.48783724015922,23,0.254312251216276,6,0,1727,4783,36.11%
Jackson,14075,8855,62.9129662522203,942,6.69271758436945,35,0.395256916996047,50,0.355239786856128,1,0.00710479573712256,8,0.0568383658969805,105,0.746003552397869,4079,28.9804618117229,2420,17.1936056838366,488,3.46714031971581,20,0.142095914742451,16,1,2945,8796,33.48%
Jasper,35710,26939,75.4382525903108,5931,16.6087930551666,168,0.623631166709974,200,0.560067208064968,12,0.0336040324838981,21,0.0588070568468216,422,1.18174180901708,2017,5.6482777933352,5644,15.8050966115934,1415,3.96247549705965,61,0.170820498459815,13,2,7135,22331,31.95%
Jeff Davis,2342,1490,63.6208368915457,10,0.426985482493595,8,0.536912751677852,7,0.298889837745517,1,0.0426985482493595,1,0.0426985482493595,35,1.49444918872758,790,33.731853116994,623,26.601195559351,366,15.6276686592656,31,1.32365499573015,9,0,1029,1684,61.1%
Jefferson,252273,112503,44.5957355721778,84500,33.4954592841882,747,0.663982293805499,8525,3.37927562600833,64,0.0253693419430538,255,0.101080971804355,2780,1.1019807906514,42899,17.0049906252354,26876,10.6535380322111,25799,10.2266195748257,411,0.162918742790548,103,26,53215,146020,36.44%
Jim Hogg,5300,334,6.30188679245283,18,0.339622641509434,14,4.19161676646707,14,0.264150943396226,0,0,0,0,13,0.245283018867925,4907,92.5849056603774,190,3.58490566037736,521,9.83018867924528,7,0.132075471698113,2,0,720,3853,18.69%
Jim Wells,40838,8062,19.7414173074098,156,0.381997159508301,97,1.20317539072191,134,0.328125765218669,4,0.00979479896175131,28,0.0685635927322592,103,0.252216073265096,32254,78.9803614280817,2589,6.33968362799354,3016,7.38527841716049,72,0.176306381311524,31,3,5711,25634,22.28%
Johnson,150934,115545,76.5533279446645,3797,2.5156691004015,741,0.641308581072309,951,0.630076722275962,475,0.314707090516385,164,0.108656763883552,1942,1.28665509427962,27319,18.0999642227729,22715,15.0496243391151,5978,3.9606715518041,435,0.288205440788689,135,9,29272,84067,34.82%
Jones,20202,12549,62.1176121176121,2292,11.3454113454113,62,0.494063271973863,76,0.376200376200376,1,0.00495000495000495,27,0.133650133650134,186,0.920700920700921,5009,24.7945747945748,2745,13.5877635877636,534,2.64330264330264,42,0.207900207900208,16,4,3341,9887,33.79%
Karnes,14824,5956,40.1780895844576,1351,9.11359956826768,37,0.621222296843519,25,0.168645439827307,2,0.0134916351861846,18,0.121424716675661,59,0.398003237992445,7376,49.7571505666487,1770,11.9400971397733,715,4.82325957906098,26,0.175391257420399,10,0,2521,7802,32.31%
Kaufman,103350,72328,69.9835510401548,10571,10.2283502660861,551,0.761807322198872,869,0.840832123850992,32,0.03096274794388,69,0.0667634252539913,1382,1.33720367682632,17548,16.9791969037252,14590,14.1170778906628,5449,5.27237542331882,241,0.233188195452346,73,0,20353,61580,33.05%
Kendall,33410,25746,77.0607602514217,138,0.413049985034421,129,0.501048706595199,202,0.604609398383718,13,0.0389105058365759,26,0.0778210116731518,327,0.978748877581562,6829,20.4399880275367,9713,29.0721340915893,1989,5.95330739299611,137,0.410056869200838,35,1,11875,26699,44.48%
Kenedy,416,86,20.6730769230769,1,0.240384615384615,6,6.97674418604651,1,0.240384615384615,0,0,2,0.480769230769231,1,0.240384615384615,319,76.6826923076923,64,15.3846153846154,59,14.1826923076923,2,0.480769230769231,0,0,125,346,36.13%
Kent,808,669,82.7970297029703,6,0.742574257425743,5,0.747384155455904,0,0,0,0,0,0,8,0.99009900990099,120,14.8514851485149,251,31.0643564356436,49,6.06435643564356,7,0.866336633663366,2,1,310,610,50.82%
Kerr,49625,35851,72.2438287153652,739,1.48916876574307,207,0.577389752029232,361,0.727455919395466,19,0.0382871536523929,38,0.0765743073047859,515,1.03778337531486,11895,23.9697732997481,11740,23.6574307304786,2901,5.84584382871537,237,0.477581863979849,51,4,14933,32627,45.77%
Kimble,4607,3450,74.8860429780768,16,0.347297590622965,17,0.492753623188406,19,0.412415888864771,3,0.065118298241806,6,0.130236596483612,19,0.412415888864771,1077,23.3774690688083,1096,23.7898849576731,113,2.45278923377469,12,0.260473192967224,3,0,1224,2877,42.54%
King,286,242,84.6153846153846,0,0,1,0.413223140495868,0,0,0,0,0,0,4,1.3986013986014,39,13.6363636363636,90,31.4685314685315,1,0.34965034965035,2,0.699300699300699,0,0,93,186,50%
Kinney,3598,1496,41.5786548082268,39,1.08393551973319,19,1.27005347593583,10,0.277932184546971,0,0,6,0.166759310728182,24,0.667037242912729,2004,55.6976097832129,747,20.7615341856587,375,10.4224569205114,22,0.611450806003335,4,0,1148,2290,50.13%
Kleberg,32061,7479,23.3274071301581,1070,3.33738810392689,51,0.681909346169274,715,2.23012382645582,26,0.0810954118711207,28,0.0873335204765915,197,0.614453697638876,22495,70.1631265400331,2836,8.84563800255762,2804,8.74582826487009,83,0.258881507127039,34,2,5759,17357,33.18%
Knox,3719,2347,63.1083624630277,209,5.61979026620059,14,0.596506178099702,7,0.188222640494757,1,0.0268889486421081,4,0.107555794568432,36,0.968002151115891,1101,29.604732454961,726,19.5213767141705,159,4.27534283409519,10,0.268889486421081,4,0,899,2372,37.9%
Lamar,49793,37891,76.0970417528568,6628,13.3111079870665,592,1.56237628988414,304,0.610527584198582,5,0.0100415721085293,27,0.0542244893860583,1123,2.25533709557568,3223,6.47279738115799,7785,15.6347277729801,2869,5.76185407587412,171,0.343421766111702,74,0,10899,29729,36.66%
Lamb,13977,6020,43.0707591042427,555,3.97080918652071,39,0.647840531561462,17,0.121628389497031,4,0.0286184445875367,16,0.114473778350147,95,0.679688058953996,7231,51.7349932031194,1841,13.1716391214138,251,1.79580739786793,17,0.121628389497031,2,1,2112,8317,25.39%
Lampasas,19677,14836,75.397672409412,581,2.95268587691213,127,0.856025882987328,184,0.935101895614169,35,0.177872643187478,31,0.157544341108909,440,2.23611322864258,3443,17.4975860141282,3745,19.0323728210601,787,3.99959343395843,74,0.376073588453524,22,0,4628,13067,35.42%
La Salle,6886,894,12.9828637815858,18,0.261399941911124,25,2.79642058165548,6,0.0871333139703747,0,0,5,0.0726110949753122,18,0.261399941911124,5920,85.9715364507697,434,6.3026430438571,422,6.12837641591635,8,0.1161777519605,1,0,865,4094,21.13%
Lavaca,19263,14674,76.1771271349219,1255,6.51508072470539,30,0.20444323292899,56,0.290712765405181,17,0.0882520894980014,18,0.0934433888802367,136,0.706016715984011,3077,15.9736281991382,4180,21.6996314177439,784,4.06997871567253,43,0.223225873436121,16,3,5026,13114,38.33%
Lee,16612,10798,65.0012039489526,1772,10.6669877197207,44,0.407482867197629,52,0.313026727666747,17,0.102335660967975,7,0.0421382133397544,198,1.19190946303877,3724,22.4175294967493,3199,19.2571634962678,963,5.79701420659764,94,0.565856007705273,27,1,4284,9859,43.45%
Leon,16801,13078,77.8406047259092,1181,7.02934349145884,57,0.435846459703319,75,0.446401999880959,2,0.0119040533301589,1,0.00595202666507946,147,0.874947919766681,2260,13.4515802630796,3694,21.9867865008035,511,3.0414856258556,39,0.232129039938099,5,2,4251,10887,39.05%
Liberty,75643,52321,69.1683301825681,8074,10.6738230900414,289,0.552359473251658,337,0.445513795063654,23,0.0304059860132464,120,0.158639927025634,877,1.15939346667901,13602,17.9818357283556,9576,12.6594661766456,2681,3.54428036963103,178,0.23531589175469,67,0,12502,42265,29.58%
Limestone,23384,14433,61.7216900444749,4041,17.2810468696545,68,0.471142520612485,84,0.359219979473144,1,0.00427642832706124,22,0.0940814231953472,270,1.15463564830653,4465,19.0942524803284,3278,14.0181320561067,979,4.18662333219295,31,0.132569278138898,16,2,4306,13405,32.12%
Lipscomb,3302,2213,67.0199878861296,7,0.211992731677771,22,0.994125621328513,10,0.302846759539673,0,0,2,0.0605693519079346,41,1.24167171411266,1007,30.4966686856451,740,22.4106602059358,93,2.81647486371896,14,0.423985463355542,5,1,853,1980,43.08%
Live Oak,11531,6805,59.0148295898014,453,3.92854045616165,62,0.911094783247612,56,0.485647385309167,3,0.0260168242129911,9,0.0780504726389732,83,0.719798803226086,4060,35.2094354349146,2007,17.405255398491,400,3.46890989506548,33,0.286185066342902,15,0,2455,7083,34.66%
Llano,19301,17303,89.6482047562302,102,0.528470027459717,87,0.502802982141825,76,0.393761981244495,5,0.0259053935029273,11,0.0569918657064401,175,0.906688772602456,1542,7.98922335630278,5552,28.7653489456505,1363,7.06181026889799,110,0.569918657064401,27,1,7053,14426,48.89%
Loving,82,60,73.1707317073171,0,0,4,6.66666666666667,0,0,0,0,0,0,0,0,18,21.9512195121951,35,42.6829268292683,4,4.8780487804878,1,1.21951219512195,1,0,41,122,33.61%
Lubbock,278831,159815,57.3160803497459,19957,7.15738207014285,1026,0.641992303601039,5650,2.02631701640062,161,0.0577410689629202,284,0.101853811089872,3014,1.08094150220026,88924,31.8917193568864,36038,12.9246748030169,10438,3.74348619773268,605,0.216977308835818,109,3,47193,157054,30.05%
Lynn,5915,2984,50.4480135249366,113,1.91039729501268,28,0.938337801608579,8,0.135249366018597,0,0,5,0.084530853761623,34,0.574809805579036,2743,46.3736263736264,1013,17.1259509721048,180,3.04311073541843,12,0.202874049027895,3,1,1209,3861,31.31%
Madison,13664,8030,58.7675644028103,2687,19.66481264637,32,0.398505603985056,77,0.563524590163934,1,0.00731850117096019,4,0.0292740046838408,145,1.06118266978923,2688,19.672131147541,1941,14.2052107728337,462,3.38114754098361,21,0.153688524590164,5,0,2429,6943,34.98%
Marion,10546,7564,71.7238763512232,2319,21.9893798596624,72,0.951877313590693,50,0.474113407927176,3,0.0284468044756306,8,0.0758581452683482,202,1.91541816802579,328,3.11018395600228,1480,14.0337568746444,705,6.68499905177318,17,0.16119855869524,11,0,2213,7019,31.53%
Martin,4799,2578,53.719524901021,67,1.39612419254011,15,0.581846392552366,11,0.229214419670765,3,0.0625130235465722,7,0.145863721608668,32,0.66680558449677,2086,43.4673890393832,1016,21.1710773077724,116,2.41717024380079,21,0.437591164826005,2,0,1155,3084,37.45%
Mason,4012,3092,77.0687936191426,14,0.348953140578265,11,0.355756791720569,7,0.174476570289133,0,0,4,0.0997008973080758,20,0.498504486540379,864,21.5353938185444,1104,27.5174476570289,243,6.0568295114656,21,0.523429710867398,2,1,1371,2866,47.84%
Matagorda,36702,17400,47.4088605525584,4060,11.0620674622636,104,0.597701149425287,693,1.88818048062776,7,0.0190725301073511,33,0.0899133562203695,331,0.901858209361888,14074,38.3466841044085,4691,12.7813198190834,2115,5.76262873957822,116,0.31605907035039,29,1,6952,20945,33.19%
Maverick,54258,1552,2.86040768181651,75,0.138228464005308,506,32.6030927835052,140,0.258026466143242,2,0.00368609237347488,15,0.0276456928010616,54,0.0995244940838217,51914,95.6798997382874,1392,2.56552029193852,3723,6.86166095322349,101,0.186147664860481,75,7,5298,28852,18.36%
McCulloch,8283,5568,67.2220210068816,133,1.60569841844742,23,0.413074712643678,28,0.33804177230472,1,0.0120729204394543,9,0.108656283955089,45,0.543281419775444,2476,29.8925510080889,1456,17.5781721598455,258,3.11481347337921,30,0.362187613183629,4,0,1748,5222,33.47%
McLennan,234906,138295,58.8724851642785,33892,14.4278988191021,704,0.509056726562782,3128,1.33159646837458,84,0.0357589844448418,235,0.100040016006403,3097,1.31839970030565,55471,23.6141265016645,30507,12.9868968864141,13092,5.57329314704605,549,0.233710505478787,137,13,44298,128501,34.47%
McMullen,707,432,61.1032531824611,8,1.13154172560113,0,0,3,0.424328147100424,0,0,0,0,3,0.424328147100424,261,36.9165487977369,222,31.4002828854314,34,4.80905233380481,4,0.565770862800566,3,0,263,695,37.84%
Medina,46006,21408,46.5330609050993,913,1.98452375777073,146,0.681988041853513,272,0.591227231230709,24,0.0521671086380037,28,0.0608616267443377,344,0.74772855714472,22871,49.713080902491,7194,15.6370908142416,2506,5.44711559361822,111,0.241272877450767,35,7,9853,28406,34.69%
Menard,2242,1425,63.5593220338983,11,0.490633363068689,6,0.421052631578947,3,0.133809099018733,0,0,1,0.0446030330062444,6,0.267618198037467,790,35.2363960749331,411,18.3318465655665,65,2.89919714540589,5,0.223015165031222,1,0,482,1530,31.5%
Midland,136872,72822,53.2044537962476,8675,6.33803845929043,552,0.758012688473264,1639,1.19746916827401,42,0.0306856040680344,211,0.154158629960839,1331,0.972441405108422,51600,37.6994564264422,20204,14.7612367759659,3012,2.20059617745046,327,0.238909345958268,32,2,23577,75348,31.29%
Milam,24757,16216,65.5006664781678,2380,9.61344266268126,76,0.468672915638875,95,0.383729854182655,0,0,10,0.0403926162297532,200,0.807852324595064,5780,23.3469321807973,3576,14.4443995637597,1293,5.22276527850709,79,0.31910166821505,13,3,4964,14411,34.45%
Mills,4936,4024,81.5235008103728,26,0.526742301458671,15,0.372763419483101,10,0.20259319286872,1,0.020259319286872,0,0,42,0.850891410048622,818,16.5721231766613,1194,24.1896272285251,134,2.71474878444084,19,0.384927066450567,6,0,1353,3368,40.17%
Mitchell,9403,4753,50.5476975433372,1043,11.0922046155482,44,0.925731117189144,27,0.287142401361268,0,0,10,0.10634903754121,45,0.478570668935446,3481,37.0200999680953,1020,10.8476018292034,176,1.8717430607253,9,0.0957141337870892,5,1,1211,4564,26.53%
Montague,19719,17347,87.9709924438359,38,0.192707540950352,137,0.789761918487347,59,0.29920381358081,3,0.0152137532329226,3,0.0152137532329226,202,1.02439271768345,1930,9.78751457984685,5691,28.8604898828541,916,4.64526598711902,106,0.537552614229931,29,1,6743,12930,52.15%
Montgomery,455746,324611,71.2262971040887,18537,4.06739719054034,1807,0.556666286724726,9347,2.05092310190325,241,0.0528803324658911,635,0.13933199633129,5870,1.28799813931444,94698,20.7786793520952,83938,18.4177151307965,19179,4.20826513013828,1434,0.314648949195385,338,6,104895,281496,37.26%
Moore,21904,8370,38.2121986851717,287,1.31026296566837,107,1.27837514934289,1323,6.0399926953981,18,0.0821767713659605,61,0.278487947406866,196,0.89481373265157,11542,52.6935719503287,2421,11.0527757487217,301,1.37417823228634,33,0.150657414170928,10,1,2766,9336,29.63%
Morris,12934,8636,66.7697541363847,2952,22.8235657955775,82,0.94951366373321,43,0.33245708984073,3,0.0231946806865625,7,0.0541209216019793,208,1.60816452760167,1003,7.75475490954075,2033,15.7182619452606,1031,7.97123859594866,38,0.293799288696459,5,1,3108,8525,36.46%
Motley,1210,1013,83.7190082644628,24,1.98347107438017,8,0.789733464955577,0,0,0,0,0,0,2,0.165289256198347,163,13.4710743801653,344,28.4297520661157,20,1.65289256198347,7,0.578512396694215,1,0,372,791,47.03%
Nacogdoches,64524,39699,61.5259438348521,11573,17.9359618126589,230,0.579359681604071,775,1.20110346537722,15,0.0232471638460108,54,0.0836897898456388,822,1.27394457876139,11356,17.5996528423532,9021,13.9808443369909,2845,4.40921207612671,130,0.20147541999876,43,3,12042,30741,39.17%
Navarro,47735,28587,59.8868754582591,6490,13.5958939981146,155,0.542204498548291,239,0.500680842149366,380,0.796061590028281,40,0.0837959568450822,499,1.0453545616424,11345,23.7666282601864,6983,14.6286791662302,2376,4.97747983659788,118,0.247198072692993,55,0,9532,27357,34.84%
Newton,14445,10825,74.9394254067151,2891,20.0138456213223,77,0.711316397228637,62,0.429214260989962,1,0.00692281066112842,0,0,186,1.28764278296989,403,2.78989269643475,2161,14.9601938386985,703,4.86673589477328,28,0.193838698511596,11,2,2905,8955,32.44%
Nolan,15216,9191,60.4035226077813,666,4.37697160883281,44,0.478729191600479,58,0.38117770767613,0,0,8,0.0525762355415352,146,0.959516298633018,5103,33.5370662460568,2117,13.9129863301788,474,3.11514195583596,38,0.249737118822292,15,1,2645,8554,30.92%
Nueces,340223,111870,32.8813748629575,12178,3.57941702941894,882,0.78841512469831,5495,1.61511714375571,209,0.0614302971874329,399,0.117276021903281,2897,0.851500339483221,206293,60.6346425726656,30854,9.06875784411989,24746,7.27346475693883,998,0.293337017191665,405,2,57005,190179,29.97%
Ochiltree,10223,5062,49.5157977110437,19,0.185855424043823,66,1.30383247728171,24,0.234764746160618,3,0.0293455932700773,0,0,67,0.655384916365059,4982,48.733248557175,1500,14.6727966350386,70,0.684730509635136,12,0.117382373080309,6,2,1590,5223,30.44%
Oldham,2052,1699,82.7972709551657,60,2.92397660818713,11,0.64743967039435,17,0.828460038986355,0,0,0,0,22,1.07212475633528,243,11.8421052631579,519,25.2923976608187,33,1.60818713450292,6,0.292397660818713,1,0,559,1350,41.41%
Orange,81837,67895,82.9636961276684,6922,8.45827681855395,340,0.50077325281685,797,0.973887117074184,38,0.0464337646785684,73,0.0892017058298814,1006,1.22927282280631,4766,5.82377164363308,13400,16.3740117550741,3600,4.39898823270648,220,0.268827058665396,41,5,17266,50528,34.17%
Palo Pinto,28111,21958,78.1117711927715,597,2.12372380918502,135,0.614810091993806,132,0.469567073387642,11,0.0391305894489702,13,0.0462452420760556,280,0.996051367791968,4985,17.7332716730106,4410,15.6878090427235,1141,4.05890932375227,91,0.323716694532389,28,1,5671,17022,33.32%
Panola,23796,17521,73.6300218524122,3850,16.1791897797949,84,0.479424690371554,72,0.302571860816944,3,0.0126071608673727,24,0.100857286938981,272,1.14304925197512,1970,8.27870230290805,4614,19.3898134140192,1069,4.49235165574046,56,0.23533366952429,13,0,5752,15763,36.49%
Parker,116927,99698,85.2651654451068,1842,1.5753418799764,768,0.770326385684768,631,0.539652945855106,35,0.0299332061884766,64,0.0547350056017857,1479,1.26489177007877,12410,10.6134596799713,25683,21.9649867011041,5540,4.73799892240458,476,0.407091604163281,157,3,31859,78345,40.67%
Parmer,10269,3943,38.3971175382218,91,0.886162235855487,17,0.431143799137712,18,0.175284837861525,8,0.0779043723829,2,0.019476093095725,26,0.253189210244425,6164,60.0253189210244,1234,12.0167494400623,153,1.48992112182296,8,0.0779043723829,5,0,1400,4387,31.91%
Pecos,15507,4326,27.8970787386342,528,3.40491390984717,57,1.31761442441054,74,0.47720384342555,5,0.0322435029341588,17,0.10962790997614,70,0.451409041078223,10430,67.2599471206552,2146,13.8389114593409,817,5.26858837944154,46,0.296640226994261,20,2,3031,8146,37.21%
Polk,45413,32830,72.2920749565102,5153,11.3469711316143,778,2.36978373438928,180,0.396362275119459,7,0.0154140884768679,14,0.0308281769537357,492,1.08339021865985,5959,13.1217933190937,7858,17.3034153216039,2410,5.30685046132165,185,0.407372338317222,37,6,10496,37149,28.25%
Potter,121073,59322,48.9968861761086,11823,9.76518298877537,602,1.01480057988605,4675,3.8613068148968,43,0.0355157632172326,155,0.128021937178397,1761,1.45449439594294,42692,35.2613712388394,10584,8.74183343932999,2925,2.41589784675361,192,0.158582012504852,51,3,13755,52747,26.08%
Presidio,7818,1136,14.5305704783832,27,0.34535686876439,22,1.93661971830986,75,0.959324635456638,0,0,3,0.0383729854182655,34,0.434893834740343,6521,83.4100793041699,364,4.65592223074955,613,7.84088002046559,18,0.230237912509593,8,1,1004,5288,18.99%
Rains,10914,9553,87.5297782664468,249,2.28147333699835,95,0.994452004605883,55,0.503939893714495,1,0.00916254352208173,0,0,122,1.11783030969397,839,7.68737401502657,1976,18.1051859996335,440,4.03151914971596,23,0.21073850100788,12,0,2451,6819,35.94%
Randall,120725,94361,78.1619382895009,2701,2.23731621453717,586,0.621019277031825,1625,1.34603437564713,29,0.0240215365500104,93,0.0770345827293435,1555,1.28805135638849,19775,16.3802029405674,24134,19.9908883826879,3650,3.0234002899151,355,0.294056740525989,75,3,28217,80151,35.2%
Reagan,3367,1219,36.2043362043362,65,1.93050193050193,7,0.574241181296144,1,0.0297000297000297,0,0,1,0.0297000297000297,23,0.683100683100683,2051,60.9147609147609,425,12.6225126225126,68,2.01960201960202,10,0.297000297000297,3,0,506,1774,28.52%
Real,3309,2398,72.4690238742823,20,0.604412209126624,23,0.959132610508757,2,0.0604412209126624,12,0.362647325475975,1,0.0302206104563312,39,1.17860380779692,814,24.5995769114536,862,26.0501662133575,175,5.28860682985796,14,0.423088546388637,2,2,1055,2437,43.29%
Red River,12860,9503,73.895800933126,2211,17.1928460342146,92,0.968115332000421,23,0.178849144634526,0,0,3,0.0233281493001555,179,1.39191290824261,849,6.60186625194401,1993,15.49766718507,730,5.67651632970451,31,0.241057542768274,14,0,2768,7927,34.92%
Reeves,13783,2690,19.5167960531089,672,4.87557135601828,21,0.780669144981413,118,0.856127113110353,2,0.0145106290357687,20,0.145106290357687,27,0.195893491982877,10233,74.2436334615106,695,5.04244358992962,510,3.70021040412102,10,0.0725531451788435,5,2,1222,6549,18.66%
Refugio,7383,3337,45.1984288229717,445,6.02736015169985,25,0.749175906502847,27,0.365704997968306,0,0,9,0.121901665989435,53,0.717865366382229,3487,47.2301232561289,1238,16.7682513883245,750,10.1584721657863,37,0.501151293512122,14,1,2040,5033,40.53%
Roberts,929,841,90.5274488697524,0,0,3,0.356718192627824,2,0.215285252960172,0,0,0,0,9,0.968783638320775,74,7.96555435952637,324,34.8762109795479,15,1.61463939720129,5,0.538213132400431,1,0,345,678,50.88%
Robertson,16622,9821,59.0843460474071,3509,21.1105763446035,47,0.478566337440179,96,0.577547828179521,0,0,9,0.0541451088918301,150,0.902418481530502,2990,17.988208398508,3270,19.6727228973649,1768,10.6365058356395,46,0.276741667669354,16,5,5105,11362,44.93%
Rockwall,78337,58046,74.0978081877019,4397,5.61292875652629,345,0.59435620025497,1850,2.36159158507474,47,0.0599971916208177,116,0.148078175064146,1066,1.36078736739982,12470,15.9184038193957,16100,20.5522294701099,4670,5.96142308232381,244,0.311474782031479,46,26,21086,51787,40.72%
Runnels,10501,6841,65.1461765546138,165,1.57127892581659,43,0.628563075573746,19,0.180935149033425,0,0,15,0.142843538710599,57,0.542805447100276,3361,32.0064755737549,2057,19.5886106085135,230,2.19026759356252,17,0.161889343872012,8,0,2312,6595,35.06%
Rusk,53330,35237,66.0735045940371,9359,17.5492218263641,199,0.564747282685813,203,0.380648790549409,14,0.0262516407275455,50,0.0937558597412338,659,1.23570223138946,7609,14.267766735421,8517,15.9703731483218,1906,3.57397337333583,83,0.155634727170448,21,1,10528,30326,34.72%
Sabine,10834,9484,87.5392283551781,778,7.18109654790474,54,0.569380008435259,33,0.304596640206757,0,0,6,0.0553812073103194,135,1.24607716448219,344,3.17518921912498,2372,21.8940372900129,355,3.27672143252723,27,0.249215432896437,8,0,2762,7453,37.06%
San Augustine,8865,6183,69.746192893401,2013,22.7072758037225,16,0.258774057900695,22,0.248166948674563,0,0,10,0.112803158488438,89,1.0039481105471,532,6.00112803158488,1920,21.65820642978,756,8.52791878172589,34,0.383530738860688,14,0,2724,6130,44.44%
San Jacinto,26384,20204,76.5767131594906,2662,10.0894481503942,120,0.593941793704217,120,0.454821103699212,9,0.0341115827774409,12,0.0454821103699212,377,1.42889630078836,2880,10.9157064887811,4641,17.590206185567,1632,6.18556701030928,106,0.40175864160097,52,3,6434,16510,38.97%
San Patricio,64804,27330,42.1733226344053,902,1.39188938954386,169,0.61836809366996,506,0.780815999012407,46,0.0709832726374915,53,0.0817850749953706,550,0.84871304240479,35248,54.3917042157891,7202,11.1135115116351,4071,6.282019628418,191,0.294734892907845,58,9,11531,39941,28.87%
San Saba,6131,4135,67.4441363562225,194,3.16424726798238,28,0.677146311970979,13,0.212037188060675,0,0,1,0.0163105529277443,45,0.733974881748491,1715,27.9725982710814,1280,20.8775077475126,145,2.36503017452292,15,0.244658293916164,5,0,1445,3693,39.13%
Schleicher,3461,1872,54.0884137532505,32,0.924588269286334,1,0.0534188034188034,4,0.115573533660792,0,0,0,0,16,0.462294134643167,1536,44.380236925744,635,18.3472984686507,213,6.15429066743716,8,0.231147067321583,2,1,859,1827,47.02%
Scurry,16921,9773,57.7566337686898,764,4.51509958040305,47,0.480916811623862,48,0.28367117782637,2,0.0118196324094321,12,0.0709177944565924,126,0.74463684179422,6149,36.3394598427989,2518,14.880917203475,298,1.76112522900538,38,0.224573015779209,6,2,2862,9381,30.51%
Shackelford,3378,2961,87.6554174067496,14,0.414446417998816,8,0.270178993583249,9,0.266429840142096,1,0.029603315571344,2,0.059206631142688,43,1.27294256956779,340,10.065127294257,751,22.2320899940793,50,1.4801657785672,6,0.177619893428064,3,0,810,2312,35.03%
Shelby,25448,16535,64.9756365922666,4414,17.345174473436,61,0.368914423949199,76,0.298648223828985,0,0,17,0.0668028921722729,181,0.711254322540082,4164,16.3627790003144,4330,17.0150895944671,1116,4.38541339201509,44,0.172901603269412,12,2,5504,14592,37.72%
Sherman,3034,1762,58.0751483190508,12,0.3955174686882,11,0.624290578887628,6,0.1977587343441,0,0,1,0.03295978905735,15,0.494396835860251,1227,40.4416611733685,538,17.7323665128543,52,1.7139090309822,5,0.16479894528675,5,0,600,1515,39.6%
Smith,209714,130246,62.1064878834985,37195,17.7360595859122,734,0.563548976552063,2550,1.21594171109225,63,0.0300409128622791,225,0.10728897450814,2613,1.24598262395453,36088,17.2081978313322,37360,17.8147381672182,10846,5.17180541117903,518,0.247003061312073,98,12,48834,126425,38.63%
Somervell,8490,6595,77.6796230859835,54,0.636042402826855,45,0.682335102350265,40,0.471142520612485,1,0.0117785630153121,24,0.282685512367491,105,1.23674911660777,1626,19.1519434628975,1796,21.1542991755006,405,4.77031802120141,28,0.32979976442874,14,2,2245,5809,38.65%
Starr,60968,2449,4.01686130429078,15,0.0246030704631938,17,0.69416088199265,119,0.195184359008004,0,0,5,0.00820102348773127,26,0.0426453221362026,58337,95.6846214407558,1104,1.81078598609106,4008,6.57394042776538,45,0.0738092113895814,24,4,5185,30198,17.17%
Stephens,9630,7289,75.6905503634476,195,2.02492211838006,43,0.589930031554397,31,0.321910695742471,1,0.0103842159916926,0,0,60,0.623052959501558,2011,20.8826583592939,1737,18.0373831775701,169,1.75493250259605,19,0.19730010384216,9,1,1935,5590,34.62%
Sterling,1143,733,64.1294838145232,13,1.13735783027122,13,1.77353342428377,0,0,0,0,2,0.174978127734033,17,1.48731408573928,365,31.9335083114611,429,37.5328083989501,33,2.88713910761155,6,0.5249343832021,1,1,470,842,55.82%
Stonewall,1490,1206,80.9395973154362,38,2.5503355704698,4,0.33167495854063,14,0.939597315436242,0,0,0,0,19,1.2751677852349,209,14.0268456375839,297,19.9328859060403,76,5.1006711409396,7,0.469798657718121,1,0,381,1011,37.69%
Sutton,4128,1639,39.7044573643411,6,0.145348837209302,2,0.12202562538133,5,0.121124031007752,0,0,7,0.169573643410853,10,0.242248062015504,2459,59.5687984496124,619,14.9951550387597,113,2.73740310077519,9,0.218023255813953,2,0,743,2491,29.83%
Swisher,7854,4025,51.2477718360071,552,7.02826585179526,37,0.919254658385093,5,0.0636618283677107,4,0.0509294626941686,6,0.0763941940412529,76,0.967659791189203,3149,40.0942195059842,1029,13.1016042780749,362,4.60911637382226,18,0.229182582123759,8,7,1424,4113,34.62%
Tarrant,1809034,937135,51.8030617445554,262522,14.51172283108,7037,0.750905685947062,83378,4.60897915683177,2938,0.16240711893751,2491,0.137697798935786,30556,1.68907825944675,482977,26.6980609540783,213120,11.7808731068626,153214,8.46938200166498,5208,0.287888453174457,1399,32,372973,999687,37.31%
Taylor,131506,88121,67.0091098505011,9122,6.93656563198637,532,0.60371534594478,1978,1.50411388073548,105,0.0798442656608824,133,0.101136069837118,2441,1.85618907122109,29074,22.1084969507095,19100,14.5240521345034,3876,2.94739403525314,343,0.260824601158882,82,0,23401,75743,30.9%
Terrell,984,495,50.3048780487805,6,0.609756097560976,7,1.41414141414141,4,0.40650406504065,0,0,0,0,5,0.508130081300813,467,47.4593495934959,273,27.7439024390244,108,10.9756097560976,11,1.11788617886179,4,2,398,822,48.42%
Terry,12651,5747,45.4272389534424,565,4.46605011461545,28,0.48721071863581,23,0.181803809975496,0,0,5,0.0395225673859774,72,0.569124970358075,6211,49.0949332068611,1896,14.9869575527626,366,2.89305193265355,20,0.15809026954391,11,0,2293,7127,32.17%
Throckmorton,1641,1453,88.5435709932968,9,0.548446069469835,11,0.75705437026841,7,0.426569165143205,0,0,0,0,9,0.548446069469835,152,9.26264472882389,456,27.7879341864717,66,4.02193784277879,7,0.426569165143205,6,0,535,1293,41.38%
Titus,32334,15904,49.1866147089751,3000,9.2781592132121,125,0.785965794768612,229,0.708232819941857,9,0.0278344776396363,23,0.0711325539679594,245,0.757716335745655,12799,39.5837199233006,3802,11.7585204428775,1288,3.98342302220573,49,0.151543267149131,16,7,5162,15981,32.3%
Tom Green,110224,63799,57.8812236899405,3997,3.62625199593555,406,0.636373610871644,1046,0.948976629409203,78,0.0707649876614893,129,0.117034402670925,1454,1.31913194948469,39315,35.6682755116853,14670,13.3092611409493,3559,3.22887937291334,236,0.214109449847583,66,2,18533,61759,30.01%
Travis,1024266,517644,50.5380438284586,82805,8.08432575131851,2611,0.504400707822364,58404,5.70203443246188,540,0.0527206799796147,1813,0.177004801487114,17683,1.72640700755468,342766,33.4645492479493,91301,8.91379778299778,169141,16.5133861711704,6122,0.597696301546669,1218,13,267795,655056,40.88%
Trinity,14585,11819,81.0353102502571,1377,9.44120671923209,57,0.48227430408664,36,0.246828933836133,0,0,13,0.0891326705519369,166,1.1381556393555,1117,7.65855330819335,2837,19.4514912581419,996,6.82893383613301,58,0.397668837847103,35,4,3930,11041,35.59%
Tyler,21766,17507,80.432785077644,2376,10.9161076908941,104,0.594048095047695,49,0.225121749517596,6,0.0275659285123587,19,0.0872921069558026,218,1.00156206928237,1487,6.83175594964624,3788,17.4032895341358,885,4.06597445557291,67,0.307819535054672,28,1,4769,13241,36.02%
Upshur,39309,32257,82.0600880205551,3388,8.61889134803735,206,0.638621074495458,146,0.371416215116131,3,0.00763184003663283,35,0.0890381337607164,661,1.6815487547381,2613,6.6473326719072,7294,18.5555470757333,1426,3.62766796407947,108,0.274746241318782,18,2,8848,26395,33.52%
Upton,3355,1611,48.0178837555887,49,1.46050670640835,28,1.73805090006207,0,0,0,0,4,0.119225037257824,19,0.566318926974665,1644,49.0014903129657,555,16.5424739195231,106,3.15946348733234,5,0.14903129657228,4,0,670,2189,30.61%
Uvalde,26405,7666,29.0323802310169,110,0.416587767468283,62,0.808765979650404,116,0.439310736602916,6,0.0227229691346336,35,0.132550653285363,111,0.420374928990721,18299,69.30126869911,2967,11.2365082370763,2101,7.9568263586442,58,0.219655368301458,17,0,5143,16278,31.59%
Val Verde,48879,8548,17.4880828167516,563,1.15182389165081,86,1.00608329433786,207,0.423494752347634,37,0.0756971296466785,29,0.0593301826960453,210,0.429632357454121,39199,80.1959941897338,3306,6.76364082734917,3608,7.38149307473557,115,0.235274862415352,49,4,7082,26447,26.78%
Van Zandt,52579,45087,85.750965214249,1403,2.66836569733163,371,0.822853594162397,168,0.319519199680481,32,0.0608607999391392,15,0.0285284999714715,656,1.24764639875235,4847,9.21850929078149,9751,18.5454268814546,1938,3.68588219631412,162,0.308107799691892,58,12,11921,34522,34.53%
Victoria,86793,41564,47.8886546150035,5190,5.97974491030383,199,0.478779713213358,860,0.990863318470384,16,0.0184346663901467,109,0.125586164782874,742,0.854907653843052,38113,43.9125275079788,12657,14.5829732812554,4233,4.87712142684318,202,0.232737663175602,53,3,17148,51878,33.05%
Walker,67861,39671,58.4592033715978,15098,22.2484195635195,186,0.468856343424668,617,0.909211476400289,19,0.0279984085115162,72,0.106099232254167,809,1.1921427624114,11389,16.782835501982,7669,11.3010418355167,3476,5.12223515715949,196,0.288825687803009,45,1,11387,30160,37.76%
Waller,43205,19260,44.5781738224742,10537,24.3883809744243,141,0.73208722741433,213,0.492998495544497,9,0.0208309223469506,54,0.124985534081704,455,1.05311885198472,12536,29.0151602823747,6329,14.6487675037611,2741,6.34417312811017,85,0.196736488832311,40,0,9195,29871,30.78%
Ward,10658,4922,46.1812722837305,474,4.4473634828298,48,0.975213327915482,31,0.290861324826421,0,0,9,0.0844436104334772,100,0.938262338149747,5074,47.6074310377181,1535,14.4023268905986,411,3.85625820979546,19,0.178269844248452,14,1,1980,6310,31.38%
Washington,33718,22394,66.4155643869743,5861,17.3824070229551,61,0.272394391354827,432,1.28121478142239,7,0.0207604246989738,34,0.100836348537873,288,0.854143187614924,4641,13.7641615754197,6886,20.4223263538763,1952,5.78919271605671,131,0.38851651936651,21,1,8991,22242,40.42%
Webb,250304,8345,3.33394592175914,487,0.194563410892355,95,1.13840623127621,1320,0.527358731782153,11,0.00439465609818461,130,0.0519368447967272,263,0.105072232165687,239653,95.7447743543851,7622,3.04509716185119,17963,7.17647340833546,434,0.17338915878292,382,3,26404,115638,22.83%
Wharton,41280,19681,47.6768410852713,5668,13.7306201550388,62,0.315024643056755,154,0.373062015503876,2,0.00484496124031008,26,0.062984496124031,242,0.586240310077519,15445,37.4152131782946,6215,15.0557170542636,2075,5.02664728682171,75,0.181686046511628,34,0,8399,24663,34.06%
Wheeler,5410,3847,71.1090573012939,112,2.07024029574861,20,0.519885625162464,23,0.425138632162662,0,0,3,0.055452865064695,61,1.1275415896488,1344,24.8428835489834,1185,21.9038817005545,120,2.2181146025878,10,0.184842883548983,6,1,1322,3475,38.04%
Wichita,131500,90001,68.441825095057,13322,10.1307984790875,1087,1.2077643581738,2586,1.96653992395437,85,0.064638783269962,109,0.0828897338403042,2451,1.8638783269962,21859,16.6228136882129,16130,12.2661596958175,4822,3.66692015209125,255,0.193916349809886,48,1,21256,72256,29.42%
Wilbarger,13535,8585,63.4281492427041,1049,7.75027705947543,115,1.33954571927781,97,0.716660509789435,6,0.0443295160694496,6,0.0443295160694496,169,1.24861470262283,3508,25.9179903952715,2141,15.8182489841153,574,4.24085703731068,25,0.18470631695604,11,0,2751,7946,34.62%
Willacy,22134,2235,10.0975874220656,389,1.75747718442216,22,0.984340044742729,134,0.605403451703262,1,0.00451793620674076,9,0.0406614258606669,47,0.212343001716816,19297,87.1826149814765,854,3.85831752055661,1274,5.75585072738773,41,0.185235384476371,16,0,2185,11529,18.95%
Williamson,422679,269481,63.7554740121936,24744,5.85408785390332,1340,0.497252125381752,20084,4.75159636509029,354,0.0837514993647662,661,0.156383449378843,7981,1.8881941142096,98034,23.1934872562867,61496,14.5491022738295,39516,9.34893855620932,2419,0.572301912325902,410,69,103910,271612,38.26%
Wilson,42918,25186,58.6840020504217,644,1.5005359056806,125,0.496307472405305,143,0.333193531851438,9,0.0209702222843562,25,0.058250617456545,374,0.871429237149914,16412,38.2403653478727,7506,17.4891653851531,2707,6.3073768581947,160,0.372803951721888,51,5,10429,28787,36.23%
Winkler,7110,3024,42.5316455696203,129,1.81434599156118,29,0.958994708994709,16,0.225035161744022,0,0,43,0.60478199718706,45,0.632911392405063,3824,53.7834036568214,829,11.6596343178622,136,1.91279887482419,15,0.210970464135021,5,0,985,3691,26.69%
Wise,59127,47122,79.6962470614102,573,0.969100410979755,341,0.723653495182717,234,0.395758283017911,15,0.0253691207062763,35,0.0591946149813114,695,1.17543592605747,10112,17.1021699054577,10181,17.2188678607066,2178,3.68359632655132,224,0.378845535880393,54,2,12639,36321,34.8%
Wood,41964,35628,84.9013440091507,1951,4.64922314364694,198,0.555742674301112,156,0.371747211895911,12,0.0285959393766085,8,0.0190639595844057,460,1.09617767610333,3551,8.46201506052807,9778,23.3009246020398,1403,3.34334191211515,103,0.245448479649223,26,0,11310,27625,40.94%
Yoakum,7879,3090,39.2181748952913,55,0.698058129204214,30,0.970873786407767,26,0.32999111562381,1,0.0126919659855312,5,0.0634598299276558,50,0.634598299276558,4622,58.662266785125,1046,13.2757964208656,93,1.1803528366544,6,0.076151795913187,3,1,1149,3969,28.95%
Young,18550,14959,80.6415094339623,220,1.18598382749326,83,0.554849923123203,55,0.296495956873315,5,0.0269541778975741,4,0.0215633423180593,179,0.964959568733154,3045,16.4150943396226,4497,24.2425876010782,679,3.66037735849057,99,0.533692722371968,28,0,5303,11659,45.48%
Zapata,14018,861,6.14210301041518,11,0.0784705378798687,16,1.85830429732869,28,0.199743187330575,0,0,6,0.0428021115708375,12,0.085604223141675,13084,93.337137965473,372,2.65373091739192,788,5.62134398630332,8,0.05706948209445,9,0,1177,7438,15.82%
Zavala,11677,647,5.54080671405327,35,0.299734520852959,9,1.39103554868624,3,0.025691530358825,3,0.025691530358825,3,0.025691530358825,16,0.137021495247067,10961,93.8682880876938,350,2.99734520852959,1110,9.50586623276527,17,0.145585338700009,7,0,1484,8736,16.99%